{
  "ssb": {
    "username": "ssb",
    "password": "7f5d3582377f050dca8cd95903ee0bc366929c8b5c6688d013da0c1c75bfa360",
    "color": {
      "x": 1.0,
      "y": 1.0,
      "z": 0.0,
      "w": 1.0
    },
    "lastUsed": 1735346790209
  },
  "j920": {
    "username": "j920",
    "password": "7f5d3582377f050dca8cd95903ee0bc366929c8b5c6688d013da0c1c75bfa360",
    "color": {
      "x": 0.5606544,
      "y": 0.42598748,
      "z": 0.35914323,
      "w": 1.0
    },
    "lastUsed": 1735385284802
  }
}